<?xml version="1.0" encoding="utf-8" standalone="yes"?>
<rss version="2.0" xmlns:atom="http://www.w3.org/2005/Atom">
  <channel>
    <title>STL on Startsida</title>
    <link>https://gohugo-theme-ananke.pages.dev/tags/stl/</link>
    <description>Recent content in STL on Startsida</description>
    <generator>Hugo -- gohugo.io</generator>
    <language>en</language>
    <lastBuildDate>Sun, 09 Apr 2017 10:58:08 -0400</lastBuildDate>
    <atom:link href="https://gohugo-theme-ananke.pages.dev/tags/stl/index.xml" rel="self" type="application/rss+xml" />
    <item>
      <title>Stina Troedsson Lindahl</title>
      <link>https://gohugo-theme-ananke.pages.dev/guests/stina/</link>
      <pubDate>Mon, 01 Jan 0001 00:00:00 +0000</pubDate>
      <guid>https://gohugo-theme-ananke.pages.dev/guests/stina/</guid>
      <description>Bruden, en tjej från de djupa småländska, religösa skogarna som brudgummen lyckades få ner till Skåne. Har arbetat både som reseledare och flygvärdinna men valde sedan sjukvården för bli ännu mer intim med sina gäster eller numera patienter. Arbetar som sjuksköterska på Malmös universitetssjukhus och gör oftast inte själv det som hon rekommenderar patienterna&amp;hellip;</description>
    </item>
    <item>
      <title>Albin Kvist</title>
      <link>https://gohugo-theme-ananke.pages.dev/guests/albin/</link>
      <pubDate>Mon, 01 Jan 0001 00:00:00 +0000</pubDate>
      <guid>https://gohugo-theme-ananke.pages.dev/guests/albin/</guid>
      <description>Brudgummens lillebror, snart att titulera sig som Dr. Labban. En Malmöit i grunden som emigrerade till Linköping för studier där han träffade kärleken Fanny Nilsson. Bor numera i Jönköping där han upprätthåller den kreativa sidan i familjen Kvist.</description>
    </item>
    <item>
      <title>Marianne Nordholm</title>
      <link>https://gohugo-theme-ananke.pages.dev/guests/marianne/</link>
      <pubDate>Mon, 01 Jan 0001 00:00:00 +0000</pubDate>
      <guid>https://gohugo-theme-ananke.pages.dev/guests/marianne/</guid>
      <description>Tjänstgjorde med bruden och brudgummen på regemente Ing2 i Småland. Har sedan dess varit en tredje part i brudparets förhållande. Importerad av brudgummen till Skåne från Uddevalla, vem vill inte bo i Malmö?! Hård brud som vet hur lagarna lyder och kan ta hand om de livshotande sjuka.</description>
    </item>
    <item>
      <title>Märta Thulesius</title>
      <link>https://gohugo-theme-ananke.pages.dev/guests/m%C3%A4rta/</link>
      <pubDate>Mon, 01 Jan 0001 00:00:00 +0000</pubDate>
      <guid>https://gohugo-theme-ananke.pages.dev/guests/m%C3%A4rta/</guid>
      <description>Lundatjej som lärde känna bruden när de studerade, eller försökte studera i alla fall. Bor numera i Göteborg, proffs i köket och sällskapar gärna med ett glas vin i handen. Har du svårt att svälja tabletter kan hon hjälpa dig.</description>
    </item>
    <item>
      <title>Ellinor Ljungberg</title>
      <link>https://gohugo-theme-ananke.pages.dev/guests/ellinor/</link>
      <pubDate>Mon, 01 Jan 0001 00:00:00 +0000</pubDate>
      <guid>https://gohugo-theme-ananke.pages.dev/guests/ellinor/</guid>
      <description>Lika mycket tidsoptimist som bruden, båda gled in lite sent första dagen på studietiden och är vänner sedan dess. Uppvuxen i Linköping men bor numera i Malmö, älskar små bebisar och syr gärna babynest. Bygger nu vidare sin karriär och behöver ni tips i sänghalmen kanske hon har några tips&amp;hellip;</description>
    </item>
    <item>
      <title>Simon Stajduhar</title>
      <link>https://gohugo-theme-ananke.pages.dev/guests/simon/</link>
      <pubDate>Sun, 09 Apr 2017 10:58:08 -0400</pubDate>
      <guid>https://gohugo-theme-ananke.pages.dev/guests/simon/</guid>
      <description>Brudgummens vän sedan gymnasiet, uppvuxen på Limhamn och har provat sig fram yrkesmässigt. Lyckas ofta skada sig under högtider och går alltid sin egna väg. Kroat som säkerligen kan agera bröllopets tolk efter några rakia.</description>
    </item>
    <item>
      <title>Eric Peters</title>
      <link>https://gohugo-theme-ananke.pages.dev/guests/eric/</link>
      <pubDate>Mon, 01 Jan 0001 00:00:00 +0000</pubDate>
      <guid>https://gohugo-theme-ananke.pages.dev/guests/eric/</guid>
      <description>Gymnasiekompis till brudgummen och har också studerat till civilingenjör inom elektroteknik. Stort intresse för fotografier och är alltid den som tar foton men är sällan med på dem själv, vi uppskattar om vi alla under bröllopshelgen lyckas ta några foton på Eric!</description>
    </item>
    <item>
      <title>Bengt Åkerman</title>
      <link>https://gohugo-theme-ananke.pages.dev/guests/bengt/</link>
      <pubDate>Mon, 01 Jan 0001 00:00:00 +0000</pubDate>
      <guid>https://gohugo-theme-ananke.pages.dev/guests/bengt/</guid>
      <description>Brudens bonuspappa, som alltid ställer upp i vått och torrt. Emigrerat från Trelleborg till Smålands skogar och bor där tillsammans med Ann Troedsson. Kan det mesta om el och idrotter, främst fotboll och favoritlaget är TFF. Vill man ha en nypa &amp;ldquo;frisk luft&amp;rdquo; kan man få sällskap av Bengt.</description>
    </item>
    <item>
      <title>Helene Johansson Kvist</title>
      <link>https://gohugo-theme-ananke.pages.dev/guests/helene/</link>
      <pubDate>Mon, 01 Jan 0001 00:00:00 +0000</pubDate>
      <guid>https://gohugo-theme-ananke.pages.dev/guests/helene/</guid>
      <description>Brudgummens mamma. Lång erfarenhet inom sjukvård. Bor nu med Malmös bästa utsikt ut över havet. Har ett stort intresse för mat, vin och konst. En riktig livsnjutare.</description>
    </item>
    <item>
      <title>Fanny Nilsson</title>
      <link>https://gohugo-theme-ananke.pages.dev/guests/fanny/</link>
      <pubDate>Mon, 01 Jan 0001 00:00:00 +0000</pubDate>
      <guid>https://gohugo-theme-ananke.pages.dev/guests/fanny/</guid>
      <description>Träffade Albin Kvist på läkarprogrammet i Linköping men bor numera i Jönköping men längtar tillbaka till Skåne som hon är uppvuxen i. Stort intresse för musik och Harry Potter. Lika bekväm inför en publik som med nyförlösta bebisar.</description>
    </item>
    <item>
      <title>Amanda Johansson</title>
      <link>https://gohugo-theme-ananke.pages.dev/guests/amanda/</link>
      <pubDate>Mon, 01 Jan 0001 00:00:00 +0000</pubDate>
      <guid>https://gohugo-theme-ananke.pages.dev/guests/amanda/</guid>
      <description>Brudens nära vän sedan högstadiet. Har volvo, villa och vovve i Värnamo, och sedan förra året även en liten dotter Edith. Driftig tjej inom sitt yrke som kan vara bestämd men också väldigt kreativ. Är gift med Daniel Johansson.</description>
    </item>
    <item>
      <title>Daniel Johansson</title>
      <link>https://gohugo-theme-ananke.pages.dev/guests/daniel/</link>
      <pubDate>Mon, 01 Jan 0001 00:00:00 +0000</pubDate>
      <guid>https://gohugo-theme-ananke.pages.dev/guests/daniel/</guid>
      <description>Gått med bruden i gymnasiet, är gift med Amanda Johansson. Började sin karriär hos GBJ Bygg men arbetar numera i blå uniform och ser till att lagarna följs. Stort intresse för natur, jakt och även öl!</description>
    </item>
    <item>
      <title>Anton Johansson</title>
      <link>https://gohugo-theme-ananke.pages.dev/guests/anton/</link>
      <pubDate>Mon, 01 Jan 0001 00:00:00 +0000</pubDate>
      <guid>https://gohugo-theme-ananke.pages.dev/guests/anton/</guid>
      <description>Brudgummens vän sedan gymnasiet. Har backpackat i Asien med brudgummen, och sitter på många roliga historier om brudgummen. Har stort intresse för ordning och reda, fotboll och tv-spel. Vill du äta en lång middag så är Anton eller Blixten rätt bordskamrat. Är tillsammans med Madeleine Nordsjö.</description>
    </item>
    <item>
      <title>Madeleine Nordsjö</title>
      <link>https://gohugo-theme-ananke.pages.dev/guests/madde/</link>
      <pubDate>Mon, 01 Jan 0001 00:00:00 +0000</pubDate>
      <guid>https://gohugo-theme-ananke.pages.dev/guests/madde/</guid>
      <description>Stockholmare som hamnat i Malmö tack vare kärleken, Anton Johansson. En riktig finsmakare, kanske något hon fått med sig från huvudstaden? Har alltid ett gott humör och stort leende, kanske därför hon lyckas så bra på sitt jobb&amp;hellip;</description>
    </item>
    <item>
      <title>My Rombo</title>
      <link>https://gohugo-theme-ananke.pages.dev/guests/my/</link>
      <pubDate>Mon, 01 Jan 0001 00:00:00 +0000</pubDate>
      <guid>https://gohugo-theme-ananke.pages.dev/guests/my/</guid>
      <description>Brudens nära vän sedan högstadiet. Bor i Jönköping, gift med Oskar Rombo och är mamma sedan förra året till dottern Ebba. Van vid kartläsning och står stabilt på skidor. Behöver du hjälp med skatten, kanske hon kan hjälpa dig&amp;hellip;</description>
    </item>
    <item>
      <title>Oskar Rombo</title>
      <link>https://gohugo-theme-ananke.pages.dev/guests/oskar/</link>
      <pubDate>Mon, 01 Jan 0001 00:00:00 +0000</pubDate>
      <guid>https://gohugo-theme-ananke.pages.dev/guests/oskar/</guid>
      <description>Gustav Vasa junior eller Oskar Rombo, fråga honom om skillnaden. Bor i Jönköping med sin fru My Rombo och dottern Ebba. Arbetar framför en datorskärm, älskar naturen, Dalarna och Billy Opel.</description>
    </item>
    <item>
      <title>Aos Jaralla</title>
      <link>https://gohugo-theme-ananke.pages.dev/guests/aos/</link>
      <pubDate>Mon, 01 Jan 0001 00:00:00 +0000</pubDate>
      <guid>https://gohugo-theme-ananke.pages.dev/guests/aos/</guid>
      <description>En av brudgummens äldsta vänner och en utav grundarna till bike squad. Är precis som brudgummen ett montessoribarn. Tycker du att tandläkarbesök är för dyra så kanske han kan hjälpa dig. Pojkvän till Ellen Delblanc.</description>
    </item>
    <item>
      <title>Ellen Delblanc</title>
      <link>https://gohugo-theme-ananke.pages.dev/guests/ellen/</link>
      <pubDate>Mon, 01 Jan 0001 00:00:00 +0000</pubDate>
      <guid>https://gohugo-theme-ananke.pages.dev/guests/ellen/</guid>
      <description>Flickvän till Aos Jaralla. Älskar solresor och god mat. Tidigare Malmöit men bor numera med sin syster i Lund. Om du inte kan bete dig så är kan hon ge dig kvarsittning&amp;hellip;</description>
    </item>
    <item>
      <title>Jennie Johansson</title>
      <link>https://gohugo-theme-ananke.pages.dev/guests/jennie/</link>
      <pubDate>Mon, 01 Jan 0001 00:00:00 +0000</pubDate>
      <guid>https://gohugo-theme-ananke.pages.dev/guests/jennie/</guid>
      <description>Brudens äldsta barndomsvän, tågluffat med bruden och har många roliga och även pinsamma minnen med bruden. Duktig kartläsare med bästa lokalsinnet, vilket har räddat bruden många gånger. Har du ont någonstans är det stor sannolikhet att hon vet vilken muskel det gäller. Bor i Värnamo med sambon Niklas Landin och hunden Sigge.</description>
    </item>
    <item>
      <title>Niklas Landin</title>
      <link>https://gohugo-theme-ananke.pages.dev/guests/niklas/</link>
      <pubDate>Mon, 01 Jan 0001 00:00:00 +0000</pubDate>
      <guid>https://gohugo-theme-ananke.pages.dev/guests/niklas/</guid>
      <description>Gått i skolan med bruden sedan mellanstadiet, är sambo med Jennie Johansson. Elektroingenjör som också har kunskaper som elektriker. Stort intresse för att blanda drinkar och träning, har genomfört halvklassikern.</description>
    </item>
    <item>
      <title>Johan Vikstrand</title>
      <link>https://gohugo-theme-ananke.pages.dev/guests/johan-v/</link>
      <pubDate>Mon, 01 Jan 0001 00:00:00 +0000</pubDate>
      <guid>https://gohugo-theme-ananke.pages.dev/guests/johan-v/</guid>
      <description>Studerade med brudgummen på Lunds universitet, och är numera även hans kollega och kontorskamrat. Intresse för programmering, 3D-printing och matlagning. bor tillsammans med Johanna Rydell. Ursprungligen från Skövdetrakten och har såklart arbetat med Karins lasagne&amp;hellip;</description>
    </item>
    <item>
      <title>Johanna Rydell</title>
      <link>https://gohugo-theme-ananke.pages.dev/guests/johanna/</link>
      <pubDate>Mon, 01 Jan 0001 00:00:00 +0000</pubDate>
      <guid>https://gohugo-theme-ananke.pages.dev/guests/johanna/</guid>
      <description>Blekinge tjej som studerat till läkare i Lund och påbörjar snart sin karriär i Malmö. Älskar att resa. Bor med Johan Vikstrand och de kommer under våren bli grannar med bruparet.</description>
    </item>
    <item>
      <title>Sofie Dalslycke</title>
      <link>https://gohugo-theme-ananke.pages.dev/guests/sofie/</link>
      <pubDate>Mon, 01 Jan 0001 00:00:00 +0000</pubDate>
      <guid>https://gohugo-theme-ananke.pages.dev/guests/sofie/</guid>
      <description>Brudens bonussyster, som är dotter till Bengt Åkerman. Urprungligen från Trelleborg men bor numera i Småland med Johan Dalslycke, hunden Dobby och har fem barn, varav fyra fortfarande bor hemma. Brinner för träning både för egen del och med hunden. Har sett många brutna ben.</description>
    </item>
    <item>
      <title>Johan Dalslycke</title>
      <link>https://gohugo-theme-ananke.pages.dev/guests/johan-d/</link>
      <pubDate>Mon, 01 Jan 0001 00:00:00 +0000</pubDate>
      <guid>https://gohugo-theme-ananke.pages.dev/guests/johan-d/</guid>
      <description>Ursprungligen från Småland men flyttade till Trelleborg i ung ålder för kärleken Sofie Dalslycke, för att sedan flytta tillbaka till Småland och bor där nu med deras fyra barn och hunden Dobby. Arbetade tidigare högt uppe i telemaster, och numera som sjuksköterska. Stort intresse för teknik och datorer.</description>
    </item>
    <item>
      <title>Adam Rosandell</title>
      <link>https://gohugo-theme-ananke.pages.dev/guests/adam/</link>
      <pubDate>Mon, 01 Jan 0001 00:00:00 +0000</pubDate>
      <guid>https://gohugo-theme-ananke.pages.dev/guests/adam/</guid>
      <description>Träffade brudgummen på Lunds universitet. Stor träningsfantast vilket var bra för brudgummen då Adam alltid fick iväg honom till gymmet när motivationen sviktade. Behöver du tips på resmål i Polen kan Adam hjälpa till. Bor tillsammans med Felicia Forsell i Stockholm.</description>
    </item>
    <item>
      <title>Felicia Forssell</title>
      <link>https://gohugo-theme-ananke.pages.dev/guests/felicia/</link>
      <pubDate>Mon, 01 Jan 0001 00:00:00 +0000</pubDate>
      <guid>https://gohugo-theme-ananke.pages.dev/guests/felicia/</guid>
      <description>Sambo med Adam Rosandell. Brinner för design och mode som hon arbetar med i Stockholm, och har planer på att studera arkitektur. Älskar att bada i havet, soldyrkare och njuter gärna av god mat och dryck.</description>
    </item>
    <item>
      <title>Elida Andersson</title>
      <link>https://gohugo-theme-ananke.pages.dev/guests/elida/</link>
      <pubDate>Mon, 01 Jan 0001 00:00:00 +0000</pubDate>
      <guid>https://gohugo-theme-ananke.pages.dev/guests/elida/</guid>
      <description>Brudens bonussysterdotter som var 1 år första gången bruden träffade henne. Numera vuxen och bor i Kalmar, där hon arbetar som frisör. Har två katter och stort intresse för smink och hår. Bor tillsammans med Olle Qvarnkullen.</description>
    </item>
    <item>
      <title>Olle Qvarnkullen</title>
      <link>https://gohugo-theme-ananke.pages.dev/guests/olle/</link>
      <pubDate>Mon, 01 Jan 0001 00:00:00 +0000</pubDate>
      <guid>https://gohugo-theme-ananke.pages.dev/guests/olle/</guid>
      <description>Uppvuxen i Kalmar där han numera är sambo med Elida Andersson. Provar sig fram karriärsmässigt och brinner för Liverpool FC, ser gärna fotbollsmatcher med en öl i handen!</description>
    </item>
    <item>
      <title>Ingrid Almgren Berter</title>
      <link>https://gohugo-theme-ananke.pages.dev/guests/ingrid/</link>
      <pubDate>Mon, 01 Jan 0001 00:00:00 +0000</pubDate>
      <guid>https://gohugo-theme-ananke.pages.dev/guests/ingrid/</guid>
      <description>Brudens nästkusin som alltid varit som en storasyster till bruden. Smittat av sig till bruden med sin äventyrliga och upptäckande anda, arbetar inom logistik och är mycket driftig. Uppvuxen i Lund och bor nu utanför Vellinge med Johan Sjöstedt, sonen Sam, katterna Simba och Sot.</description>
    </item>
    <item>
      <title>Johan Sjöstedt</title>
      <link>https://gohugo-theme-ananke.pages.dev/guests/johan-s/</link>
      <pubDate>Mon, 01 Jan 0001 00:00:00 +0000</pubDate>
      <guid>https://gohugo-theme-ananke.pages.dev/guests/johan-s/</guid>
      <description>Sambo med Ingrid Almgren Berter i Fuglie, som alla vet var det ligger? Är egen företagare inom event och scenbygge. Brinner för sitt arbete och har en stor kreativ förmåga. Älskar båt- och motorcykellivet.</description>
    </item>
    <item>
      <title>Elin Hansson</title>
      <link>https://gohugo-theme-ananke.pages.dev/guests/elin/</link>
      <pubDate>Mon, 01 Jan 0001 00:00:00 +0000</pubDate>
      <guid>https://gohugo-theme-ananke.pages.dev/guests/elin/</guid>
      <description>Kompis till bruden som fördes samman genom Amanda Johansson. Ursprungligen från Växjö men bor på gård i Genarp med Marcus Ryberg och sonen Alfred. Utbildad socionom och rehabiliterar kvinnor som tidigare brutit mot lagen. Är alltid taggad på fest!</description>
    </item>
    <item>
      <title>Marcus Ryberg</title>
      <link>https://gohugo-theme-ananke.pages.dev/guests/marcus-r/</link>
      <pubDate>Mon, 01 Jan 0001 00:00:00 +0000</pubDate>
      <guid>https://gohugo-theme-ananke.pages.dev/guests/marcus-r/</guid>
      <description>Gått gymnasiet med bruden, bor numera på en gård i Genarp tillsammans med sin fru Elin Hansson, sonen Alfred och gårdens djur. Är känd som &amp;ldquo;bondekocken&amp;rdquo; och att bli bjuden på middag av Marcus är bättre än att gå på lyxrestaurang.</description>
    </item>
    <item>
      <title>Måns Rosberg</title>
      <link>https://gohugo-theme-ananke.pages.dev/guests/m%C3%A5ns/</link>
      <pubDate>Mon, 01 Jan 0001 00:00:00 +0000</pubDate>
      <guid>https://gohugo-theme-ananke.pages.dev/guests/m%C3%A5ns/</guid>
      <description>Brudgummens vän från gymnasiet som han har gjort många resor tillsammans med. Utbildad civilingenjör men passade på att se Sydamerika innan han startade karriären. Går gärna på aw och är alltid mer solbränd än brudgummen?!</description>
    </item>
    <item>
      <title>Marcus Lindström</title>
      <link>https://gohugo-theme-ananke.pages.dev/guests/marcus-l/</link>
      <pubDate>Mon, 01 Jan 0001 00:00:00 +0000</pubDate>
      <guid>https://gohugo-theme-ananke.pages.dev/guests/marcus-l/</guid>
      <description>Vän till bruden och brudgummen som vi tackar Madeleine Nordsjö för. Stockholmare som flyttade ner till Malmö för att lära sig att slåss mot bränder. Bjuder gärna på god mat och goda drinkar.</description>
    </item>
    <item>
      <title>Max Wither</title>
      <link>https://gohugo-theme-ananke.pages.dev/guests/max/</link>
      <pubDate>Mon, 01 Jan 0001 00:00:00 +0000</pubDate>
      <guid>https://gohugo-theme-ananke.pages.dev/guests/max/</guid>
      <description>Brudgummens kompis sedan gymnasiet. Har alltid varit en stjärna på att anordna fester och är en duktig DJ. Jäkligt vass på en bräda, både med och utan hjul. Undrar du något om USA, fråga Max!</description>
    </item>
    <item>
      <title>Ziad El-jerbi</title>
      <link>https://gohugo-theme-ananke.pages.dev/guests/ziad/</link>
      <pubDate>Mon, 01 Jan 0001 00:00:00 +0000</pubDate>
      <guid>https://gohugo-theme-ananke.pages.dev/guests/ziad/</guid>
      <description>Vän med brudgummen sedan gymnasiet. Uppvuxen i Malmö men bor nu i Uppsala med Ali Fares. Duktig fotbollsspelare som ung men la bollen på hyllan och arbetar nu inom programmering. Vill du hålla ditt bröllop i Libanon kan Ziad hjälpa till.</description>
    </item>
    <item>
      <title>Ali Fares</title>
      <link>https://gohugo-theme-ananke.pages.dev/guests/ali/</link>
      <pubDate>Mon, 01 Jan 0001 00:00:00 +0000</pubDate>
      <guid>https://gohugo-theme-ananke.pages.dev/guests/ali/</guid>
      <description>Uppvuxen i Malmö men lämnade staden för att bli Uppsalas festprins. Har nu bytt ut glassbilen mot ett skrivbord. Kan allt om domkyrkan i Uppsala, visste ni att den är lika hög som lång?</description>
    </item>
  </channel>
</rss>
