<?xml version="1.0" encoding="utf-8" standalone="yes"?>
<rss version="2.0" xmlns:atom="http://www.w3.org/2005/Atom">
  <channel>
    <title>Tags on Startsida</title>
    <link>http://smbrollop.se/tags/</link>
    <description>Recent content in Tags on Startsida</description>
    <generator>Hugo -- gohugo.io</generator>
    <language>en</language>
    <copyright>Markus</copyright>
    <lastBuildDate>Sun, 09 Apr 2017 10:58:08 -0400</lastBuildDate>
    <atom:link href="http://smbrollop.se/tags/index.xml" rel="self" type="application/rss+xml" />
    <item>
      <title>STL</title>
      <link>http://smbrollop.se/tags/stl/</link>
      <pubDate>Sun, 09 Apr 2017 10:58:08 -0400</pubDate>
      <guid>http://smbrollop.se/tags/stl/</guid>
      <description></description>
    </item>
  </channel>
</rss>
