<?xml version="1.0" encoding="utf-8" standalone="yes"?>
<rss version="2.0" xmlns:atom="http://www.w3.org/2005/Atom">
  <channel>
    <title>Categories on Startsida</title>
    <link>https://gohugo-theme-ananke.pages.dev/categories/</link>
    <description>Recent content in Categories on Startsida</description>
    <generator>Hugo -- gohugo.io</generator>
    <language>en</language>
    <atom:link href="https://gohugo-theme-ananke.pages.dev/categories/index.xml" rel="self" type="application/rss+xml" />
  </channel>
</rss>
